forecast_period,forecast_bias,mae,mse,rmse,mape,mase
0.0,,,,,,
6.0,,,,,,
12.0,-0.03719758079271382,1.317580389825045,5.622014038300426,2.3710786655656166,14751320748147.602,
18.0,,,,,,
24.0,,,,,,
30.0,,,,,,
36.0,,,,,,
42.0,,,,,,
48.0,,,,,,
54.0,,,,,,
60.0,,,,,,
66.0,,,,,,
72.0,,,,,,
78.0,,,,,,
84.0,,,,,,
90.0,,,,,,
96.0,,,,,,
102.0,,,,,,
108.0,,,,,,
114.0,,,,,,
