forecast_period,forecast_bias,mae,mse,rmse,mape,mase
0.0,,,,,,
6.0,,,,,,
12.0,-0.005580799444308196,1.081311144224881,2.500313795668312,1.5812380578737384,20968365352271.816,
18.0,,,,,,
24.0,,,,,,
30.0,,,,,,
36.0,,,,,,
42.0,,,,,,
48.0,,,,,,
54.0,,,,,,
60.0,,,,,,
66.0,,,,,,
72.0,,,,,,
78.0,,,,,,
84.0,,,,,,
90.0,,,,,,
96.0,,,,,,
102.0,,,,,,
108.0,,,,,,
114.0,,,,,,
