forecast_days,time
1,65.5422010421753
2,109.66953492164612
3,162.3396508693695
4,185.9543809890747
5,237.65434432029724
1,57.78253507614136
2,96.47497224807739
3,119.90476894378662
4,153.3081500530243
5,187.46121501922607
1,54.46833086013794
2,84.34539008140564
3,117.91394305229187
4,154.43557786941528
5,185.18026900291443
1,52.508214712142944
2,85.87321066856384
3,118.77143406867981
4,155.82181692123413
5,210.03872776031494
1,53.01516914367676
2,87.17528986930847
3,121.0995762348175
4,165.9469621181488
5,208.3900499343872
1,62.66129803657532
2,100.97814083099365
3,132.35988092422485
4,186.55273985862732
5,214.1010229587555
1,55.717623710632324
2,93.25871586799622
3,173.86879706382751
4,161.20905685424805
5,191.70161318778992
1,56.91670489311218
2,89.63949966430664
3,123.49479413032532
4,157.05810689926147
5,190.94173002243042
1,54.9689679145813
2,89.50877618789673
3,120.4795310497284
4,155.18804001808167
5,188.25855803489685
1,53.45695424079895
2,88.10169887542725
3,120.43581891059875
4,155.23190593719482
5,187.95421314239502
