detail_level,time
2,1.3725528717041016
3,0.9582269191741943
4,14.266041040420532
5,2654.1182589530945
